espn_id,display_name,short_name,location,abbreviation,logo_url
2000,Abilene Christian Wildcats,Abilene Chrstn,Abilene Christian,ACU,https://a.espncdn.com/i/teamlogos/ncaa/500/2000.png
2005,Air Force Falcons,Air Force,Air Force,AF,https://a.espncdn.com/i/teamlogos/ncaa/500/2005.png
2006,Akron Zips,Akron,Akron,AKR,https://a.espncdn.com/i/teamlogos/ncaa/500/2006.png
2010,Alabama A&M Bulldogs,Alabama A&M,Alabama A&M,AAMU,https://a.espncdn.com/i/teamlogos/ncaa/500/2010.png
333,Alabama Crimson Tide,Alabama,Alabama,ALA,https://a.espncdn.com/i/teamlogos/ncaa/500/333.png
2011,Alabama State Hornets,Alabama St,Alabama State,ALST,https://a.espncdn.com/i/teamlogos/ncaa/500/2011.png
2016,Alcorn State Braves,Alcorn St,Alcorn State,ALCN,https://a.espncdn.com/i/teamlogos/ncaa/500/2016.png
44,American University Eagles,American,American University,AMER,https://a.espncdn.com/i/teamlogos/ncaa/500/44.png
2026,App State Mountaineers,App State,App State,APP,https://a.espncdn.com/i/teamlogos/ncaa/500/2026.png
9,Arizona State Sun Devils,Arizona St,Arizona State,ASU,https://a.espncdn.com/i/teamlogos/ncaa/500/9.png
12,Arizona Wildcats,Arizona,Arizona,ARIZ,https://a.espncdn.com/i/teamlogos/ncaa/500/12.png
8,Arkansas Razorbacks,Arkansas,Arkansas,ARK,https://a.espncdn.com/i/teamlogos/ncaa/500/8.png
2032,Arkansas State Red Wolves,Arkansas St,Arkansas State,ARST,https://a.espncdn.com/i/teamlogos/ncaa/500/2032.png
2029,Arkansas-Pine Bluff Golden Lions,AR-Pine Bluff,Arkansas-Pine Bluff,UAPB,https://a.espncdn.com/i/teamlogos/ncaa/500/2029.png
349,Army Black Knights,Army,Army,ARMY,https://a.espncdn.com/i/teamlogos/ncaa/500/349.png
2,Auburn Tigers,Auburn,Auburn,AUB,https://a.espncdn.com/i/teamlogos/ncaa/500/2.png
2046,Austin Peay Governors,Austin Peay,Austin Peay,APSU,https://a.espncdn.com/i/teamlogos/ncaa/500/2046.png
252,BYU Cougars,BYU,BYU,BYU,https://a.espncdn.com/i/teamlogos/ncaa/500/252.png
2050,Ball State Cardinals,Ball State,Ball State,BALL,https://a.espncdn.com/i/teamlogos/ncaa/500/2050.png
239,Baylor Bears,Baylor,Baylor,BAY,https://a.espncdn.com/i/teamlogos/ncaa/500/239.png
91,Bellarmine Knights,Bellarmine,Bellarmine,BELL,https://a.espncdn.com/i/teamlogos/ncaa/500/91.png
2057,Belmont Bruins,Belmont,Belmont,BEL,https://a.espncdn.com/i/teamlogos/ncaa/500/2057.png
2065,Bethune-Cookman Wildcats,Bethune,Bethune-Cookman,BCU,https://a.espncdn.com/i/teamlogos/ncaa/500/2065.png
2066,Binghamton Bearcats,Binghamton,Binghamton,BING,https://a.espncdn.com/i/teamlogos/ncaa/500/2066.png
68,Boise State Broncos,Boise St,Boise State,BOIS,https://a.espncdn.com/i/teamlogos/ncaa/500/68.png
103,Boston College Eagles,Boston College,Boston College,BC,https://a.espncdn.com/i/teamlogos/ncaa/500/103.png
104,Boston University Terriers,Boston U,Boston University,BU,https://a.espncdn.com/i/teamlogos/ncaa/500/104.png
189,Bowling Green Falcons,Bowling Green,Bowling Green,BGSU,https://a.espncdn.com/i/teamlogos/ncaa/500/189.png
71,Bradley Braves,Bradley,Bradley,BRAD,https://a.espncdn.com/i/teamlogos/ncaa/500/71.png
225,Brown Bears,Brown,Brown,BRWN,https://a.espncdn.com/i/teamlogos/ncaa/500/225.png
2803,Bryant Bulldogs,Bryant,Bryant,BRY,https://a.espncdn.com/i/teamlogos/ncaa/500/2803.png
2083,Bucknell Bison,Bucknell,Bucknell,BUCK,https://a.espncdn.com/i/teamlogos/ncaa/500/2083.png
2084,Buffalo Bulls,Buffalo,Buffalo,BUF,https://a.espncdn.com/i/teamlogos/ncaa/500/2084.png
2086,Butler Bulldogs,Butler,Butler,BUT,https://a.espncdn.com/i/teamlogos/ncaa/500/2086.png
13,Cal Poly Mustangs,Cal Poly,Cal Poly,CP,https://a.espncdn.com/i/teamlogos/ncaa/500/13.png
2934,Cal State Bakersfield Roadrunners,Bakersfield,Cal State Bakersfield,CSUB,https://a.espncdn.com/i/teamlogos/ncaa/500/2934.png
2239,Cal State Fullerton Titans,Fullerton,Cal State Fullerton,CSUF,https://a.espncdn.com/i/teamlogos/ncaa/500/2239.png
2463,Cal State Northridge Matadors,CSU Northridge,Cal State Northridge,CSUN,https://a.espncdn.com/i/teamlogos/ncaa/500/2463.png
2856,California Baptist Lancers,CA Baptist,California Baptist,CBU,https://a.espncdn.com/i/teamlogos/ncaa/500/2856.png
25,California Golden Bears,California,California,CAL,https://a.espncdn.com/i/teamlogos/ncaa/500/25.png
2097,Campbell Fighting Camels,Campbell,Campbell,CAM,https://a.espncdn.com/i/teamlogos/ncaa/500/2097.png
2099,Canisius Golden Griffins,Canisius,Canisius,CAN,https://a.espncdn.com/i/teamlogos/ncaa/500/2099.png
2110,Central Arkansas Bears,C Arkansas,Central Arkansas,CARK,https://a.espncdn.com/i/teamlogos/ncaa/500/2110.png
2115,Central Connecticut Blue Devils,C Connecticut,Central Connecticut,CCSU,https://a.espncdn.com/i/teamlogos/ncaa/500/2115.png
2117,Central Michigan Chippewas,C Michigan,Central Michigan,CMU,https://a.espncdn.com/i/teamlogos/ncaa/500/2117.png
232,Charleston Cougars,Charleston,Charleston,COFC,https://a.espncdn.com/i/teamlogos/ncaa/500/232.png
2127,Charleston Southern Buccaneers,Charleston So,Charleston Southern,CHSO,https://a.espncdn.com/i/teamlogos/ncaa/500/2127.png
2429,Charlotte 49ers,Charlotte,Charlotte,CLT,https://a.espncdn.com/i/teamlogos/ncaa/500/2429.png
236,Chattanooga Mocs,Chattanooga,Chattanooga,UTC,https://a.espncdn.com/i/teamlogos/ncaa/500/236.png
2130,Chicago State Cougars,Chicago St,Chicago State,CHST,https://a.espncdn.com/i/teamlogos/ncaa/500/2130.png
2132,Cincinnati Bearcats,Cincinnati,Cincinnati,CIN,https://a.espncdn.com/i/teamlogos/ncaa/500/2132.png
228,Clemson Tigers,Clemson,Clemson,CLEM,https://a.espncdn.com/i/teamlogos/ncaa/500/228.png
325,Cleveland State Vikings,Cleveland St,Cleveland State,CLE,https://a.espncdn.com/i/teamlogos/ncaa/500/325.png
324,Coastal Carolina Chanticleers,Coastal,Coastal Carolina,CCU,https://a.espncdn.com/i/teamlogos/ncaa/500/324.png
2142,Colgate Raiders,Colgate,Colgate,COLG,https://a.espncdn.com/i/teamlogos/ncaa/500/2142.png
38,Colorado Buffaloes,Colorado,Colorado,COLO,https://a.espncdn.com/i/teamlogos/ncaa/500/38.png
36,Colorado State Rams,Colorado St,Colorado State,CSU,https://a.espncdn.com/i/teamlogos/ncaa/500/36.png
171,Columbia Lions,Columbia,Columbia,COLU,https://a.espncdn.com/i/teamlogos/ncaa/500/171.png
2154,Coppin State Eagles,Coppin St,Coppin State,COPP,https://a.espncdn.com/i/teamlogos/ncaa/500/2154.png
172,Cornell Big Red,Cornell,Cornell,COR,https://a.espncdn.com/i/teamlogos/ncaa/500/172.png
156,Creighton Bluejays,Creighton,Creighton,CREI,https://a.espncdn.com/i/teamlogos/ncaa/500/156.png
159,Dartmouth Big Green,Dartmouth,Dartmouth,DART,https://a.espncdn.com/i/teamlogos/ncaa/500/159.png
2166,Davidson Wildcats,Davidson,Davidson,DAV,https://a.espncdn.com/i/teamlogos/ncaa/500/2166.png
2168,Dayton Flyers,Dayton,Dayton,DAY,https://a.espncdn.com/i/teamlogos/ncaa/500/2168.png
305,DePaul Blue Demons,DePaul,DePaul,DEP,https://a.espncdn.com/i/teamlogos/ncaa/500/305.png
48,Delaware Blue Hens,Delaware,Delaware,DEL,https://a.espncdn.com/i/teamlogos/ncaa/500/48.png
2169,Delaware State Hornets,Delaware St,Delaware State,DSU,https://a.espncdn.com/i/teamlogos/ncaa/500/2169.png
2172,Denver Pioneers,Denver,Denver,DEN,https://a.espncdn.com/i/teamlogos/ncaa/500/2172.png
2174,Detroit Mercy Titans,Detroit Mercy,Detroit Mercy,DETM,https://a.espncdn.com/i/teamlogos/ncaa/500/2174.png
2181,Drake Bulldogs,Drake,Drake,DRKE,https://a.espncdn.com/i/teamlogos/ncaa/500/2181.png
2182,Drexel Dragons,Drexel,Drexel,DREX,https://a.espncdn.com/i/teamlogos/ncaa/500/2182.png
150,Duke Blue Devils,Duke,Duke,DUKE,https://a.espncdn.com/i/teamlogos/ncaa/500/150.png
2184,Duquesne Dukes,Duquesne,Duquesne,DUQ,https://a.espncdn.com/i/teamlogos/ncaa/500/2184.png
151,East Carolina Pirates,East Carolina,East Carolina,ECU,https://a.espncdn.com/i/teamlogos/ncaa/500/151.png
2193,East Tennessee State Buccaneers,ETSU,East Tennessee State,ETSU,https://a.espncdn.com/i/teamlogos/ncaa/500/2193.png
2837,East Texas A&M Lions,E Texas A&M,East Texas A&M,ETAM,https://a.espncdn.com/i/teamlogos/ncaa/500/2837.png
2197,Eastern Illinois Panthers,E Illinois,Eastern Illinois,EIU,https://a.espncdn.com/i/teamlogos/ncaa/500/2197.png
2198,Eastern Kentucky Colonels,E Kentucky,Eastern Kentucky,EKU,https://a.espncdn.com/i/teamlogos/ncaa/500/2198.png
2199,Eastern Michigan Eagles,E Michigan,Eastern Michigan,EMU,https://a.espncdn.com/i/teamlogos/ncaa/500/2199.png
331,Eastern Washington Eagles,E Washington,Eastern Washington,EWU,https://a.espncdn.com/i/teamlogos/ncaa/500/331.png
2210,Elon Phoenix,Elon,Elon,ELON,https://a.espncdn.com/i/teamlogos/ncaa/500/2210.png
339,Evansville Purple Aces,Evansville,Evansville,EVAN,https://a.espncdn.com/i/teamlogos/ncaa/500/339.png
2217,Fairfield Stags,Fairfield,Fairfield,FAIR,https://a.espncdn.com/i/teamlogos/ncaa/500/2217.png
161,Fairleigh Dickinson Knights,FDU,Fairleigh Dickinson,FDU,https://a.espncdn.com/i/teamlogos/ncaa/500/161.png
50,Florida A&M Rattlers,Florida A&M,Florida A&M,FAMU,https://a.espncdn.com/i/teamlogos/ncaa/500/50.png
2226,Florida Atlantic Owls,FAU,Florida Atlantic,FAU,https://a.espncdn.com/i/teamlogos/ncaa/500/2226.png
57,Florida Gators,Florida,Florida,FLA,https://a.espncdn.com/i/teamlogos/ncaa/500/57.png
526,Florida Gulf Coast Eagles,FGCU,Florida Gulf Coast,FGCU,https://a.espncdn.com/i/teamlogos/ncaa/500/526.png
2229,Florida International Panthers,FIU,Florida International,FIU,https://a.espncdn.com/i/teamlogos/ncaa/500/2229.png
52,Florida State Seminoles,Florida St,Florida State,FSU,https://a.espncdn.com/i/teamlogos/ncaa/500/52.png
2230,Fordham Rams,Fordham,Fordham,FOR,https://a.espncdn.com/i/teamlogos/ncaa/500/2230.png
278,Fresno State Bulldogs,Fresno St,Fresno State,FRES,https://a.espncdn.com/i/teamlogos/ncaa/500/278.png
231,Furman Paladins,Furman,Furman,FUR,https://a.espncdn.com/i/teamlogos/ncaa/500/231.png
2241,Gardner-Webb Runnin' Bulldogs,Gardner-Webb,Gardner-Webb,GWEB,https://a.espncdn.com/i/teamlogos/ncaa/500/2241.png
2244,George Mason Patriots,George Mason,George Mason,GMU,https://a.espncdn.com/i/teamlogos/ncaa/500/2244.png
45,George Washington Revolutionaries,G Washington,George Washington,GW,https://a.espncdn.com/i/teamlogos/ncaa/500/45.png
46,Georgetown Hoyas,Georgetown,Georgetown,GTWN,https://a.espncdn.com/i/teamlogos/ncaa/500/46.png
61,Georgia Bulldogs,Georgia,Georgia,UGA,https://a.espncdn.com/i/teamlogos/ncaa/500/61.png
290,Georgia Southern Eagles,GA Southern,Georgia Southern,GASO,https://a.espncdn.com/i/teamlogos/ncaa/500/290.png
2247,Georgia State Panthers,Georgia St,Georgia State,GAST,https://a.espncdn.com/i/teamlogos/ncaa/500/2247.png
59,Georgia Tech Yellow Jackets,Georgia Tech,Georgia Tech,GT,https://a.espncdn.com/i/teamlogos/ncaa/500/59.png
2250,Gonzaga Bulldogs,Gonzaga,Gonzaga,GONZ,https://a.espncdn.com/i/teamlogos/ncaa/500/2250.png
2755,Grambling Tigers,Grambling,Grambling,GRAM,https://a.espncdn.com/i/teamlogos/ncaa/500/2755.png
2253,Grand Canyon Lopes,Grand Canyon,Grand Canyon,GCU,https://a.espncdn.com/i/teamlogos/ncaa/500/2253.png
2739,Green Bay Phoenix,Green Bay,Green Bay,GB,https://a.espncdn.com/i/teamlogos/ncaa/500/2739.png
2261,Hampton Pirates,Hampton,Hampton,HAMP,https://a.espncdn.com/i/teamlogos/ncaa/500/2261.png
108,Harvard Crimson,Harvard,Harvard,HARV,https://a.espncdn.com/i/teamlogos/ncaa/500/108.png
62,Hawai'i Rainbow Warriors,Hawai'i,Hawai'i,HAW,https://a.espncdn.com/i/teamlogos/ncaa/500/62.png
2272,High Point Panthers,High Point,High Point,HPU,https://a.espncdn.com/i/teamlogos/ncaa/500/2272.png
2275,Hofstra Pride,Hofstra,Hofstra,HOF,https://a.espncdn.com/i/teamlogos/ncaa/500/2275.png
107,Holy Cross Crusaders,Holy Cross,Holy Cross,HC,https://a.espncdn.com/i/teamlogos/ncaa/500/107.png
2277,Houston Christian Huskies,Hou Christian,Houston Christian,HCU,https://a.espncdn.com/i/teamlogos/ncaa/500/2277.png
248,Houston Cougars,Houston,Houston,HOU,https://a.espncdn.com/i/teamlogos/ncaa/500/248.png
47,Howard Bison,Howard,Howard,HOW,https://a.espncdn.com/i/teamlogos/ncaa/500/47.png
85,IU Indianapolis Jaguars,IU Indy,IU Indianapolis,IUIN,https://a.espncdn.com/i/teamlogos/ncaa/500/85.png
304,Idaho State Bengals,Idaho St,Idaho State,IDST,https://a.espncdn.com/i/teamlogos/ncaa/500/304.png
70,Idaho Vandals,Idaho,Idaho,IDHO,https://a.espncdn.com/i/teamlogos/ncaa/500/70.png
356,Illinois Fighting Illini,Illinois,Illinois,ILL,https://a.espncdn.com/i/teamlogos/ncaa/500/356.png
2287,Illinois State Redbirds,Illinois St,Illinois State,ILST,https://a.espncdn.com/i/teamlogos/ncaa/500/2287.png
2916,Incarnate Word Cardinals,Incarnate Word,Incarnate Word,UIW,https://a.espncdn.com/i/teamlogos/ncaa/500/2916.png
84,Indiana Hoosiers,Indiana,Indiana,IU,https://a.espncdn.com/i/teamlogos/ncaa/500/84.png
282,Indiana State Sycamores,Indiana St,Indiana State,INST,https://a.espncdn.com/i/teamlogos/ncaa/500/282.png
314,Iona Gaels,Iona,Iona,IONA,https://a.espncdn.com/i/teamlogos/ncaa/500/314.png
2294,Iowa Hawkeyes,Iowa,Iowa,IOWA,https://a.espncdn.com/i/teamlogos/ncaa/500/2294.png
66,Iowa State Cyclones,Iowa State,Iowa State,ISU,https://a.espncdn.com/i/teamlogos/ncaa/500/66.png
2296,Jackson State Tigers,Jackson St,Jackson State,JKST,https://a.espncdn.com/i/teamlogos/ncaa/500/2296.png
294,Jacksonville Dolphins,Jacksonville,Jacksonville,JAX,https://a.espncdn.com/i/teamlogos/ncaa/500/294.png
55,Jacksonville State Gamecocks,Jax State,Jacksonville State,JXST,https://a.espncdn.com/i/teamlogos/ncaa/500/55.png
256,James Madison Dukes,James Madison,James Madison,JMU,https://a.espncdn.com/i/teamlogos/ncaa/500/256.png
140,Kansas City Roos,Kansas City,Kansas City,KC,https://a.espncdn.com/i/teamlogos/ncaa/500/140.png
2305,Kansas Jayhawks,Kansas,Kansas,KU,https://a.espncdn.com/i/teamlogos/ncaa/500/2305.png
2306,Kansas State Wildcats,Kansas St,Kansas State,KSU,https://a.espncdn.com/i/teamlogos/ncaa/500/2306.png
338,Kennesaw State Owls,Kennesaw St,Kennesaw State,KENN,https://a.espncdn.com/i/teamlogos/ncaa/500/338.png
2309,Kent State Golden Flashes,Kent State,Kent State,KENT,https://a.espncdn.com/i/teamlogos/ncaa/500/2309.png
96,Kentucky Wildcats,Kentucky,Kentucky,UK,https://a.espncdn.com/i/teamlogos/ncaa/500/96.png
99,LSU Tigers,LSU,LSU,LSU,https://a.espncdn.com/i/teamlogos/ncaa/500/99.png
2325,La Salle Explorers,La Salle,La Salle,LAS,https://a.espncdn.com/i/teamlogos/ncaa/500/2325.png
322,Lafayette Leopards,Lafayette,Lafayette,LAF,https://a.espncdn.com/i/teamlogos/ncaa/500/322.png
2320,Lamar Cardinals,Lamar,Lamar,LAM,https://a.espncdn.com/i/teamlogos/ncaa/500/2320.png
2330,Le Moyne Dolphins,Le Moyne,Le Moyne,LEM,https://a.espncdn.com/i/teamlogos/ncaa/500/2330.png
2329,Lehigh Mountain Hawks,Lehigh,Lehigh,LEH,https://a.espncdn.com/i/teamlogos/ncaa/500/2329.png
2335,Liberty Flames,Liberty,Liberty,LIB,https://a.espncdn.com/i/teamlogos/ncaa/500/2335.png
288,Lipscomb Bisons,Lipscomb,Lipscomb,LIP,https://a.espncdn.com/i/teamlogos/ncaa/500/288.png
2031,Little Rock Trojans,Little Rock,Little Rock,LR,https://a.espncdn.com/i/teamlogos/ncaa/500/2031.png
299,Long Beach State Beach,Long Beach St,Long Beach State,LBSU,https://a.espncdn.com/i/teamlogos/ncaa/500/299.png
112358,Long Island University Sharks,Long Island,Long Island University,LIU,https://a.espncdn.com/i/teamlogos/ncaa/500/112358.png
2344,Longwood Lancers,Longwood,Longwood,LONG,https://a.espncdn.com/i/teamlogos/ncaa/500/2344.png
309,Louisiana Ragin' Cajuns,Louisiana,Louisiana,UL,https://a.espncdn.com/i/teamlogos/ncaa/500/309.png
2348,Louisiana Tech Bulldogs,Louisiana Tech,Louisiana Tech,LT,https://a.espncdn.com/i/teamlogos/ncaa/500/2348.png
97,Louisville Cardinals,Louisville,Louisville,LOU,https://a.espncdn.com/i/teamlogos/ncaa/500/97.png
2350,Loyola Chicago Ramblers,Loyola Chicago,Loyola Chicago,LUC,https://a.espncdn.com/i/teamlogos/ncaa/500/2350.png
2352,Loyola Maryland Greyhounds,Loyola MD,Loyola Maryland,L-MD,https://a.espncdn.com/i/teamlogos/ncaa/500/2352.png
2351,Loyola Marymount Lions,LMU,Loyola Marymount,LMU,https://a.espncdn.com/i/teamlogos/ncaa/500/2351.png
311,Maine Black Bears,Maine,Maine,ME,https://a.espncdn.com/i/teamlogos/ncaa/500/311.png
2363,Manhattan Jaspers,Manhattan,Manhattan,MAN,https://a.espncdn.com/i/teamlogos/ncaa/500/2363.png
2368,Marist Red Foxes,Marist,Marist,MRST,https://a.espncdn.com/i/teamlogos/ncaa/500/2368.png
269,Marquette Golden Eagles,Marquette,Marquette,MARQ,https://a.espncdn.com/i/teamlogos/ncaa/500/269.png
276,Marshall Thundering Herd,Marshall,Marshall,MRSH,https://a.espncdn.com/i/teamlogos/ncaa/500/276.png
2379,Maryland Eastern Shore Hawks,MD Eastern,Maryland Eastern Shore,UMES,https://a.espncdn.com/i/teamlogos/ncaa/500/2379.png
120,Maryland Terrapins,Maryland,Maryland,MD,https://a.espncdn.com/i/teamlogos/ncaa/500/120.png
113,Massachusetts Minutemen,UMass,Massachusetts,MASS,https://a.espncdn.com/i/teamlogos/ncaa/500/113.png
2377,McNeese Cowboys,McNeese,McNeese,MCN,https://a.espncdn.com/i/teamlogos/ncaa/500/2377.png
235,Memphis Tigers,Memphis,Memphis,MEM,https://a.espncdn.com/i/teamlogos/ncaa/500/235.png
2382,Mercer Bears,Mercer,Mercer,MER,https://a.espncdn.com/i/teamlogos/ncaa/500/2382.png
2385,Mercyhurst Lakers,Mercyhurst,Mercyhurst,MERC,https://a.espncdn.com/i/teamlogos/ncaa/500/2385.png
2771,Merrimack Warriors,Merrimack,Merrimack,MRMK,https://a.espncdn.com/i/teamlogos/ncaa/500/2771.png
193,Miami (OH) RedHawks,Miami OH,Miami (OH),M-OH,https://a.espncdn.com/i/teamlogos/ncaa/500/193.png
2390,Miami Hurricanes,Miami,Miami,MIA,https://a.espncdn.com/i/teamlogos/ncaa/500/2390.png
127,Michigan State Spartans,Michigan St,Michigan State,MSU,https://a.espncdn.com/i/teamlogos/ncaa/500/127.png
130,Michigan Wolverines,Michigan,Michigan,MICH,https://a.espncdn.com/i/teamlogos/ncaa/500/130.png
2393,Middle Tennessee Blue Raiders,MTSU,Middle Tennessee,MTSU,https://a.espncdn.com/i/teamlogos/ncaa/500/2393.png
270,Milwaukee Panthers,Milwaukee,Milwaukee,MILW,https://a.espncdn.com/i/teamlogos/ncaa/500/270.png
135,Minnesota Golden Gophers,Minnesota,Minnesota,MINN,https://a.espncdn.com/i/teamlogos/ncaa/500/135.png
344,Mississippi State Bulldogs,Mississippi St,Mississippi State,MSST,https://a.espncdn.com/i/teamlogos/ncaa/500/344.png
2400,Mississippi Valley State Delta Devils,Miss Valley St,Mississippi Valley State,MVSU,https://a.espncdn.com/i/teamlogos/ncaa/500/2400.png
2623,Missouri State Bears,Missouri St,Missouri State,MOST,https://a.espncdn.com/i/teamlogos/ncaa/500/2623.png
142,Missouri Tigers,Missouri,Missouri,MIZ,https://a.espncdn.com/i/teamlogos/ncaa/500/142.png
2405,Monmouth Hawks,Monmouth,Monmouth,MONM,https://a.espncdn.com/i/teamlogos/ncaa/500/2405.png
149,Montana Grizzlies,Montana,Montana,MONT,https://a.espncdn.com/i/teamlogos/ncaa/500/149.png
147,Montana State Bobcats,Montana St,Montana State,MTST,https://a.espncdn.com/i/teamlogos/ncaa/500/147.png
2413,Morehead State Eagles,Morehead St,Morehead State,MORE,https://a.espncdn.com/i/teamlogos/ncaa/500/2413.png
2415,Morgan State Bears,Morgan St,Morgan State,MORG,https://a.espncdn.com/i/teamlogos/ncaa/500/2415.png
116,Mount St. Mary's Mountaineers,Mount St Marys,Mount St. Mary's,MSM,https://a.espncdn.com/i/teamlogos/ncaa/500/116.png
93,Murray State Racers,Murray St,Murray State,MUR,https://a.espncdn.com/i/teamlogos/ncaa/500/93.png
152,NC State Wolfpack,NC State,NC State,NCSU,https://a.espncdn.com/i/teamlogos/ncaa/500/152.png
2885,NJIT Highlanders,NJIT,NJIT,NJIT,https://a.espncdn.com/i/teamlogos/ncaa/500/2885.png
2426,Navy Midshipmen,Navy,Navy,NAVY,https://a.espncdn.com/i/teamlogos/ncaa/500/2426.png
158,Nebraska Cornhuskers,Nebraska,Nebraska,NEB,https://a.espncdn.com/i/teamlogos/ncaa/500/158.png
2440,Nevada Wolf Pack,Nevada,Nevada,NEV,https://a.espncdn.com/i/teamlogos/ncaa/500/2440.png
160,New Hampshire Wildcats,New Hampshire,New Hampshire,UNH,https://a.espncdn.com/i/teamlogos/ncaa/500/160.png
2441,New Haven Chargers,New Haven,New Haven,NHVN,https://a.espncdn.com/i/teamlogos/ncaa/500/2441.png
167,New Mexico Lobos,New Mexico,New Mexico,UNM,https://a.espncdn.com/i/teamlogos/ncaa/500/167.png
166,New Mexico State Aggies,New Mexico St,New Mexico State,NMSU,https://a.espncdn.com/i/teamlogos/ncaa/500/166.png
2443,New Orleans Privateers,New Orleans,New Orleans,UNO,https://a.espncdn.com/i/teamlogos/ncaa/500/2443.png
315,Niagara Purple Eagles,Niagara,Niagara,NIA,https://a.espncdn.com/i/teamlogos/ncaa/500/315.png
2447,Nicholls Colonels,Nicholls,Nicholls,NICH,https://a.espncdn.com/i/teamlogos/ncaa/500/2447.png
2450,Norfolk State Spartans,Norfolk St,Norfolk State,NORF,https://a.espncdn.com/i/teamlogos/ncaa/500/2450.png
2453,North Alabama Lions,North Alabama,North Alabama,UNA,https://a.espncdn.com/i/teamlogos/ncaa/500/2453.png
2448,North Carolina A&T Aggies,NC A&T,North Carolina A&T,NCAT,https://a.espncdn.com/i/teamlogos/ncaa/500/2448.png
2428,North Carolina Central Eagles,NC Central,North Carolina Central,NCCU,https://a.espncdn.com/i/teamlogos/ncaa/500/2428.png
153,North Carolina Tar Heels,North Carolina,North Carolina,UNC,https://a.espncdn.com/i/teamlogos/ncaa/500/153.png
155,North Dakota Fighting Hawks,North Dakota,North Dakota,UND,https://a.espncdn.com/i/teamlogos/ncaa/500/155.png
2449,North Dakota State Bison,N Dakota St,North Dakota State,NDSU,https://a.espncdn.com/i/teamlogos/ncaa/500/2449.png
2454,North Florida Ospreys,North Florida,North Florida,UNF,https://a.espncdn.com/i/teamlogos/ncaa/500/2454.png
249,North Texas Mean Green,North Texas,North Texas,UNT,https://a.espncdn.com/i/teamlogos/ncaa/500/249.png
111,Northeastern Huskies,Northeastern,Northeastern,NE,https://a.espncdn.com/i/teamlogos/ncaa/500/111.png
2464,Northern Arizona Lumberjacks,N Arizona,Northern Arizona,NAU,https://a.espncdn.com/i/teamlogos/ncaa/500/2464.png
2458,Northern Colorado Bears,N Colorado,Northern Colorado,UNCO,https://a.espncdn.com/i/teamlogos/ncaa/500/2458.png
2459,Northern Illinois Huskies,N Illinois,Northern Illinois,NIU,https://a.espncdn.com/i/teamlogos/ncaa/500/2459.png
2460,Northern Iowa Panthers,Northern Iowa,Northern Iowa,UNI,https://a.espncdn.com/i/teamlogos/ncaa/500/2460.png
94,Northern Kentucky Norse,N Kentucky,Northern Kentucky,NKU,https://a.espncdn.com/i/teamlogos/ncaa/500/94.png
2466,Northwestern State Demons,N'Western St,Northwestern State,NWST,https://a.espncdn.com/i/teamlogos/ncaa/500/2466.png
77,Northwestern Wildcats,Northwestern,Northwestern,NU,https://a.espncdn.com/i/teamlogos/ncaa/500/77.png
87,Notre Dame Fighting Irish,Notre Dame,Notre Dame,ND,https://a.espncdn.com/i/teamlogos/ncaa/500/87.png
2473,Oakland Golden Grizzlies,Oakland,Oakland,OAK,https://a.espncdn.com/i/teamlogos/ncaa/500/2473.png
195,Ohio Bobcats,Ohio,Ohio,OHIO,https://a.espncdn.com/i/teamlogos/ncaa/500/195.png
194,Ohio State Buckeyes,Ohio State,Ohio State,OSU,https://a.espncdn.com/i/teamlogos/ncaa/500/194.png
201,Oklahoma Sooners,Oklahoma,Oklahoma,OU,https://a.espncdn.com/i/teamlogos/ncaa/500/201.png
197,Oklahoma State Cowboys,Oklahoma St,Oklahoma State,OKST,https://a.espncdn.com/i/teamlogos/ncaa/500/197.png
295,Old Dominion Monarchs,Old Dominion,Old Dominion,ODU,https://a.espncdn.com/i/teamlogos/ncaa/500/295.png
145,Ole Miss Rebels,Ole Miss,Ole Miss,MISS,https://a.espncdn.com/i/teamlogos/ncaa/500/145.png
2437,Omaha Mavericks,Omaha,Omaha,OMA,https://a.espncdn.com/i/teamlogos/ncaa/500/2437.png
198,Oral Roberts Golden Eagles,Oral Roberts,Oral Roberts,ORU,https://a.espncdn.com/i/teamlogos/ncaa/500/198.png
2483,Oregon Ducks,Oregon,Oregon,ORE,https://a.espncdn.com/i/teamlogos/ncaa/500/2483.png
204,Oregon State Beavers,Oregon St,Oregon State,ORST,https://a.espncdn.com/i/teamlogos/ncaa/500/204.png
279,Pacific Tigers,Pacific,Pacific,PAC,https://a.espncdn.com/i/teamlogos/ncaa/500/279.png
213,Penn State Nittany Lions,Penn State,Penn State,PSU,https://a.espncdn.com/i/teamlogos/ncaa/500/213.png
219,Pennsylvania Quakers,Penn,Pennsylvania,PENN,https://a.espncdn.com/i/teamlogos/ncaa/500/219.png
2492,Pepperdine Waves,Pepperdine,Pepperdine,PEPP,https://a.espncdn.com/i/teamlogos/ncaa/500/2492.png
221,Pittsburgh Panthers,Pitt,Pittsburgh,PITT,https://a.espncdn.com/i/teamlogos/ncaa/500/221.png
2501,Portland Pilots,Portland,Portland,PORT,https://a.espncdn.com/i/teamlogos/ncaa/500/2501.png
2502,Portland State Vikings,Portland St,Portland State,PRST,https://a.espncdn.com/i/teamlogos/ncaa/500/2502.png
2504,Prairie View A&M Panthers,Prairie View,Prairie View A&M,PV,https://a.espncdn.com/i/teamlogos/ncaa/500/2504.png
2506,Presbyterian Blue Hose,Presbyterian,Presbyterian,PRES,https://a.espncdn.com/i/teamlogos/ncaa/500/2506.png
163,Princeton Tigers,Princeton,Princeton,PRIN,https://a.espncdn.com/i/teamlogos/ncaa/500/163.png
2507,Providence Friars,Providence,Providence,PROV,https://a.espncdn.com/i/teamlogos/ncaa/500/2507.png
2509,Purdue Boilermakers,Purdue,Purdue,PUR,https://a.espncdn.com/i/teamlogos/ncaa/500/2509.png
2870,Purdue Fort Wayne Mastodons,Purdue FW,Purdue Fort Wayne,PFW,https://a.espncdn.com/i/teamlogos/ncaa/500/2870.png
2514,Quinnipiac Bobcats,Quinnipiac,Quinnipiac,QUIN,https://a.espncdn.com/i/teamlogos/ncaa/500/2514.png
2515,Radford Highlanders,Radford,Radford,RAD,https://a.espncdn.com/i/teamlogos/ncaa/500/2515.png
227,Rhode Island Rams,Rhode Island,Rhode Island,URI,https://a.espncdn.com/i/teamlogos/ncaa/500/227.png
242,Rice Owls,Rice,Rice,RICE,https://a.espncdn.com/i/teamlogos/ncaa/500/242.png
257,Richmond Spiders,Richmond,Richmond,RICH,https://a.espncdn.com/i/teamlogos/ncaa/500/257.png
2520,Rider Broncs,Rider,Rider,RID,https://a.espncdn.com/i/teamlogos/ncaa/500/2520.png
2523,Robert Morris Colonials,Robert Morris,Robert Morris,RMU,https://a.espncdn.com/i/teamlogos/ncaa/500/2523.png
164,Rutgers Scarlet Knights,Rutgers,Rutgers,RUTG,https://a.espncdn.com/i/teamlogos/ncaa/500/164.png
2545,SE Louisiana Lions,SE Louisiana,SE Louisiana,SELA,https://a.espncdn.com/i/teamlogos/ncaa/500/2545.png
2565,SIU Edwardsville Cougars,SIUE,SIU Edwardsville,SIUE,https://a.espncdn.com/i/teamlogos/ncaa/500/2565.png
2567,SMU Mustangs,SMU,SMU,SMU,https://a.espncdn.com/i/teamlogos/ncaa/500/2567.png
16,Sacramento State Hornets,Sacramento St,Sacramento State,SAC,https://a.espncdn.com/i/teamlogos/ncaa/500/16.png
2529,Sacred Heart Pioneers,Sacred Heart,Sacred Heart,SHU,https://a.espncdn.com/i/teamlogos/ncaa/500/2529.png
2598,Saint Francis Red Flash,Saint Francis,Saint Francis,SFPA,https://a.espncdn.com/i/teamlogos/ncaa/500/2598.png
2603,Saint Joseph's Hawks,Saint Joseph's,Saint Joseph's,JOES,https://a.espncdn.com/i/teamlogos/ncaa/500/2603.png
139,Saint Louis Billikens,Saint Louis,Saint Louis,SLU,https://a.espncdn.com/i/teamlogos/ncaa/500/139.png
2608,Saint Mary's Gaels,Saint Mary's,Saint Mary's,SMC,https://a.espncdn.com/i/teamlogos/ncaa/500/2608.png
2612,Saint Peter's Peacocks,Saint Peter's,Saint Peter's,SPU,https://a.espncdn.com/i/teamlogos/ncaa/500/2612.png
2534,Sam Houston Bearkats,Sam Houston,Sam Houston,SHSU,https://a.espncdn.com/i/teamlogos/ncaa/500/2534.png
2535,Samford Bulldogs,Samford,Samford,SAM,https://a.espncdn.com/i/teamlogos/ncaa/500/2535.png
21,San Diego State Aztecs,San Diego St,San Diego State,SDSU,https://a.espncdn.com/i/teamlogos/ncaa/500/21.png
301,San Diego Toreros,San Diego,San Diego,USD,https://a.espncdn.com/i/teamlogos/ncaa/500/301.png
2539,San Francisco Dons,San Francisco,San Francisco,SF,https://a.espncdn.com/i/teamlogos/ncaa/500/2539.png
23,San José State Spartans,San José St,San José State,SJSU,https://a.espncdn.com/i/teamlogos/ncaa/500/23.png
2541,Santa Clara Broncos,Santa Clara,Santa Clara,SCU,https://a.espncdn.com/i/teamlogos/ncaa/500/2541.png
2547,Seattle U Redhawks,Seattle U,Seattle U,SEA,https://a.espncdn.com/i/teamlogos/ncaa/500/2547.png
2550,Seton Hall Pirates,Seton Hall,Seton Hall,HALL,https://a.espncdn.com/i/teamlogos/ncaa/500/2550.png
2561,Siena Saints,Siena,Siena,SIE,https://a.espncdn.com/i/teamlogos/ncaa/500/2561.png
6,South Alabama Jaguars,South Alabama,South Alabama,USA,https://a.espncdn.com/i/teamlogos/ncaa/500/6.png
2579,South Carolina Gamecocks,South Carolina,South Carolina,SC,https://a.espncdn.com/i/teamlogos/ncaa/500/2579.png
2569,South Carolina State Bulldogs,SC State,South Carolina State,SCST,https://a.espncdn.com/i/teamlogos/ncaa/500/2569.png
2908,South Carolina Upstate Spartans,SC Upstate,South Carolina Upstate,UPST,https://a.espncdn.com/i/teamlogos/ncaa/500/2908.png
233,South Dakota Coyotes,South Dakota,South Dakota,SDAK,https://a.espncdn.com/i/teamlogos/ncaa/500/233.png
2571,South Dakota State Jackrabbits,S Dakota St,South Dakota State,SDST,https://a.espncdn.com/i/teamlogos/ncaa/500/2571.png
58,South Florida Bulls,South Florida,South Florida,USF,https://a.espncdn.com/i/teamlogos/ncaa/500/58.png
2546,Southeast Missouri State Redhawks,SE Missouri,Southeast Missouri State,SEMO,https://a.espncdn.com/i/teamlogos/ncaa/500/2546.png
79,Southern Illinois Salukis,S Illinois,Southern Illinois,SIU,https://a.espncdn.com/i/teamlogos/ncaa/500/79.png
2582,Southern Jaguars,Southern,Southern,SOU,https://a.espncdn.com/i/teamlogos/ncaa/500/2582.png
2572,Southern Miss Golden Eagles,Southern Miss,Southern Miss,USM,https://a.espncdn.com/i/teamlogos/ncaa/500/2572.png
253,Southern Utah Thunderbirds,Southern Utah,Southern Utah,SUU,https://a.espncdn.com/i/teamlogos/ncaa/500/253.png
179,St. Bonaventure Bonnies,St Bonaventure,St. Bonaventure,SBU,https://a.espncdn.com/i/teamlogos/ncaa/500/179.png
2599,St. John's Red Storm,St John's,St. John's,SJU,https://a.espncdn.com/i/teamlogos/ncaa/500/2599.png
2900,St. Thomas-Minnesota Tommies,St Thomas (MN),St. Thomas-Minnesota,STMN,https://a.espncdn.com/i/teamlogos/ncaa/500/2900.png
24,Stanford Cardinal,Stanford,Stanford,STAN,https://a.espncdn.com/i/teamlogos/ncaa/500/24.png
2617,Stephen F. Austin Lumberjacks,SF Austin,Stephen F. Austin,SFA,https://a.espncdn.com/i/teamlogos/ncaa/500/2617.png
56,Stetson Hatters,Stetson,Stetson,STET,https://a.espncdn.com/i/teamlogos/ncaa/500/56.png
284,Stonehill Skyhawks,Stonehill,Stonehill,STO,https://a.espncdn.com/i/teamlogos/ncaa/500/284.png
2619,Stony Brook Seawolves,Stony Brook,Stony Brook,STBK,https://a.espncdn.com/i/teamlogos/ncaa/500/2619.png
183,Syracuse Orange,Syracuse,Syracuse,SYR,https://a.espncdn.com/i/teamlogos/ncaa/500/183.png
2628,TCU Horned Frogs,TCU,TCU,TCU,https://a.espncdn.com/i/teamlogos/ncaa/500/2628.png
2627,Tarleton State Texans,Tarleton St,Tarleton State,TAR,https://a.espncdn.com/i/teamlogos/ncaa/500/2627.png
218,Temple Owls,Temple,Temple,TEM,https://a.espncdn.com/i/teamlogos/ncaa/500/218.png
2634,Tennessee State Tigers,Tennessee St,Tennessee State,TNST,https://a.espncdn.com/i/teamlogos/ncaa/500/2634.png
2635,Tennessee Tech Golden Eagles,Tennessee Tech,Tennessee Tech,TNTC,https://a.espncdn.com/i/teamlogos/ncaa/500/2635.png
2633,Tennessee Volunteers,Tennessee,Tennessee,TENN,https://a.espncdn.com/i/teamlogos/ncaa/500/2633.png
245,Texas A&M Aggies,Texas A&M,Texas A&M,TA&M,https://a.espncdn.com/i/teamlogos/ncaa/500/245.png
357,Texas A&M-Corpus Christi Islanders,Texas A&M-CC,Texas A&M-Corpus Christi,AMCC,https://a.espncdn.com/i/teamlogos/ncaa/500/357.png
251,Texas Longhorns,Texas,Texas,TEX,https://a.espncdn.com/i/teamlogos/ncaa/500/251.png
2640,Texas Southern Tigers,Texas Southern,Texas Southern,TXSO,https://a.espncdn.com/i/teamlogos/ncaa/500/2640.png
326,Texas State Bobcats,Texas St,Texas State,TXST,https://a.espncdn.com/i/teamlogos/ncaa/500/326.png
2641,Texas Tech Red Raiders,Texas Tech,Texas Tech,TTU,https://a.espncdn.com/i/teamlogos/ncaa/500/2641.png
2643,The Citadel Bulldogs,The Citadel,The Citadel,CIT,https://a.espncdn.com/i/teamlogos/ncaa/500/2643.png
2649,Toledo Rockets,Toledo,Toledo,TOL,https://a.espncdn.com/i/teamlogos/ncaa/500/2649.png
119,Towson Tigers,Towson,Towson,TOW,https://a.espncdn.com/i/teamlogos/ncaa/500/119.png
2653,Troy Trojans,Troy,Troy,TROY,https://a.espncdn.com/i/teamlogos/ncaa/500/2653.png
2655,Tulane Green Wave,Tulane,Tulane,TULN,https://a.espncdn.com/i/teamlogos/ncaa/500/2655.png
202,Tulsa Golden Hurricane,Tulsa,Tulsa,TLSA,https://a.espncdn.com/i/teamlogos/ncaa/500/202.png
5,UAB Blazers,UAB,UAB,UAB,https://a.espncdn.com/i/teamlogos/ncaa/500/5.png
399,UAlbany Great Danes,UAlbany,UAlbany,UALB,https://a.espncdn.com/i/teamlogos/ncaa/500/399.png
302,UC Davis Aggies,UC Davis,UC Davis,UCD,https://a.espncdn.com/i/teamlogos/ncaa/500/302.png
300,UC Irvine Anteaters,UC Irvine,UC Irvine,UCI,https://a.espncdn.com/i/teamlogos/ncaa/500/300.png
27,UC Riverside Highlanders,UC Riverside,UC Riverside,UCR,https://a.espncdn.com/i/teamlogos/ncaa/500/27.png
28,UC San Diego Tritons,UC San Diego,UC San Diego,UCSD,https://a.espncdn.com/i/teamlogos/ncaa/500/28.png
2540,UC Santa Barbara Gauchos,Santa Barbara,UC Santa Barbara,UCSB,https://a.espncdn.com/i/teamlogos/ncaa/500/2540.png
2116,UCF Knights,UCF,UCF,UCF,https://a.espncdn.com/i/teamlogos/ncaa/500/2116.png
26,UCLA Bruins,UCLA,UCLA,UCLA,https://a.espncdn.com/i/teamlogos/ncaa/500/26.png
41,UConn Huskies,UConn,UConn,CONN,https://a.espncdn.com/i/teamlogos/ncaa/500/41.png
82,UIC Flames,UIC,UIC,UIC,https://a.espncdn.com/i/teamlogos/ncaa/500/82.png
2433,UL Monroe Warhawks,UL Monroe,UL Monroe,ULM,https://a.espncdn.com/i/teamlogos/ncaa/500/2433.png
2378,UMBC Retrievers,UMBC,UMBC,UMBC,https://a.espncdn.com/i/teamlogos/ncaa/500/2378.png
2349,UMass Lowell River Hawks,UMass Lowell,UMass Lowell,UML,https://a.espncdn.com/i/teamlogos/ncaa/500/2349.png
2427,UNC Asheville Bulldogs,UNC Asheville,UNC Asheville,UNCA,https://a.espncdn.com/i/teamlogos/ncaa/500/2427.png
2430,UNC Greensboro Spartans,UNC Greensboro,UNC Greensboro,UNCG,https://a.espncdn.com/i/teamlogos/ncaa/500/2430.png
350,UNC Wilmington Seahawks,UNC Wilmington,UNC Wilmington,UNCW,https://a.espncdn.com/i/teamlogos/ncaa/500/350.png
2439,UNLV Rebels,UNLV,UNLV,UNLV,https://a.espncdn.com/i/teamlogos/ncaa/500/2439.png
30,USC Trojans,USC,USC,USC,https://a.espncdn.com/i/teamlogos/ncaa/500/30.png
250,UT Arlington Mavericks,UT Arlington,UT Arlington,UTA,https://a.espncdn.com/i/teamlogos/ncaa/500/250.png
2630,UT Martin Skyhawks,UT Martin,UT Martin,UTM,https://a.espncdn.com/i/teamlogos/ncaa/500/2630.png
292,UT Rio Grande Valley Vaqueros,UT Rio Grande,UT Rio Grande Valley,RGV,https://a.espncdn.com/i/teamlogos/ncaa/500/292.png
2638,UTEP Miners,UTEP,UTEP,UTEP,https://a.espncdn.com/i/teamlogos/ncaa/500/2638.png
2636,UTSA Roadrunners,UTSA,UTSA,UTSA,https://a.espncdn.com/i/teamlogos/ncaa/500/2636.png
328,Utah State Aggies,Utah State,Utah State,USU,https://a.espncdn.com/i/teamlogos/ncaa/500/328.png
3101,Utah Tech Trailblazers,Utah Tech,Utah Tech,UTU,https://a.espncdn.com/i/teamlogos/ncaa/500/3101.png
254,Utah Utes,Utah,Utah,UTAH,https://a.espncdn.com/i/teamlogos/ncaa/500/254.png
3084,Utah Valley Wolverines,Utah Valley,Utah Valley,UVU,https://a.espncdn.com/i/teamlogos/ncaa/500/3084.png
2670,VCU Rams,VCU,VCU,VCU,https://a.espncdn.com/i/teamlogos/ncaa/500/2670.png
2678,VMI Keydets,VMI,VMI,VMI,https://a.espncdn.com/i/teamlogos/ncaa/500/2678.png
2674,Valparaiso Beacons,Valparaiso,Valparaiso,VAL,https://a.espncdn.com/i/teamlogos/ncaa/500/2674.png
238,Vanderbilt Commodores,Vanderbilt,Vanderbilt,VAN,https://a.espncdn.com/i/teamlogos/ncaa/500/238.png
261,Vermont Catamounts,Vermont,Vermont,UVM,https://a.espncdn.com/i/teamlogos/ncaa/500/261.png
222,Villanova Wildcats,Villanova,Villanova,VILL,https://a.espncdn.com/i/teamlogos/ncaa/500/222.png
258,Virginia Cavaliers,Virginia,Virginia,UVA,https://a.espncdn.com/i/teamlogos/ncaa/500/258.png
259,Virginia Tech Hokies,Virginia Tech,Virginia Tech,VT,https://a.espncdn.com/i/teamlogos/ncaa/500/259.png
2681,Wagner Seahawks,Wagner,Wagner,WAG,https://a.espncdn.com/i/teamlogos/ncaa/500/2681.png
154,Wake Forest Demon Deacons,Wake Forest,Wake Forest,WAKE,https://a.espncdn.com/i/teamlogos/ncaa/500/154.png
264,Washington Huskies,Washington,Washington,WASH,https://a.espncdn.com/i/teamlogos/ncaa/500/264.png
265,Washington State Cougars,Washington St,Washington State,WSU,https://a.espncdn.com/i/teamlogos/ncaa/500/265.png
2692,Weber State Wildcats,Weber St,Weber State,WEB,https://a.espncdn.com/i/teamlogos/ncaa/500/2692.png
2698,West Georgia Wolves,West Georgia,West Georgia,WGA,https://a.espncdn.com/i/teamlogos/ncaa/500/2698.png
277,West Virginia Mountaineers,West Virginia,West Virginia,WVU,https://a.espncdn.com/i/teamlogos/ncaa/500/277.png
2717,Western Carolina Catamounts,W Carolina,Western Carolina,WCU,https://a.espncdn.com/i/teamlogos/ncaa/500/2717.png
2710,Western Illinois Leathernecks,W Illinois,Western Illinois,WIU,https://a.espncdn.com/i/teamlogos/ncaa/500/2710.png
98,Western Kentucky Hilltoppers,Western KY,Western Kentucky,WKU,https://a.espncdn.com/i/teamlogos/ncaa/500/98.png
2711,Western Michigan Broncos,W Michigan,Western Michigan,WMU,https://a.espncdn.com/i/teamlogos/ncaa/500/2711.png
2724,Wichita State Shockers,Wichita St,Wichita State,WICH,https://a.espncdn.com/i/teamlogos/ncaa/500/2724.png
2729,William & Mary Tribe,William & Mary,William & Mary,W&M,https://a.espncdn.com/i/teamlogos/ncaa/500/2729.png
2737,Winthrop Eagles,Winthrop,Winthrop,WIN,https://a.espncdn.com/i/teamlogos/ncaa/500/2737.png
275,Wisconsin Badgers,Wisconsin,Wisconsin,WIS,https://a.espncdn.com/i/teamlogos/ncaa/500/275.png
2747,Wofford Terriers,Wofford,Wofford,WOF,https://a.espncdn.com/i/teamlogos/ncaa/500/2747.png
2750,Wright State Raiders,Wright St,Wright State,WRST,https://a.espncdn.com/i/teamlogos/ncaa/500/2750.png
2751,Wyoming Cowboys,Wyoming,Wyoming,WYO,https://a.espncdn.com/i/teamlogos/ncaa/500/2751.png
2752,Xavier Musketeers,Xavier,Xavier,XAV,https://a.espncdn.com/i/teamlogos/ncaa/500/2752.png
43,Yale Bulldogs,Yale,Yale,YALE,https://a.espncdn.com/i/teamlogos/ncaa/500/43.png
2754,Youngstown State Penguins,Youngstown St,Youngstown State,YSU,https://a.espncdn.com/i/teamlogos/ncaa/500/2754.png
