name,team,yr
Matt Van Komen,Marshall,Sr
Joshua Aaron Reaves,Hofstra,Sr
RJ Johnson,Rhode Island,Sr
James Graham,Alabama A&M,Jr
Meechie Johnson,South Carolina,Sr
C.J. Anthony,Iona,Sr
Mike James,Vanderbilt,Jr
Michael Gray Jr.,Wichita St.,Sr
Jayme Mitchell Jr.,Jackson St.,Jr
Chris Morgan,Coppin St.,Sr
"Corey Floyd, Jr.",Providence,Sr
Will Felton,North Carolina A&T,Sr
Shay Johnson Jr.,Long Beach St.,Sr
Myron Amey Jr.,Loyola Marymount,Sr
Marcus Banks,Massachusetts,Sr
Boopie Miller,SMU,Sr
Amar’e Marshall,St. Bonaventure,Sr
Ali Dibba,Texas A&M,Sr
Zine Eddine Bedri,Columbia,Sr
Aleks Szymczyk,Cal St. Northridge,Jr
KyeRon Lindsay-Martin,UAB,Jr
Jack Doumbia Jr.,Towson,Sr
DeJuan Campbell,California,Sr
Jermaine Ballisager Webb,Portland,Sr
Dan Skillings Jr.,Baylor,Sr
B.B. Knight,Lamar,Jr
"Anthony Arrington, Jr.",Mount St. Mary's,Jr
Zach Davis,Memphis,Sr
Dre Bullock,Hawaii,Sr
Angel Montas Jr.,UMass Lowell,Jr
Cam Haffner,Western Kentucky,Sr
George Beale Jr.,UCF,Sr
Ben Vander Wal,Furman,Sr
Matt Hayman,Arkansas St.,Sr
MJ Russell,Louisiana Monroe,Jr
Elijah Chol,UC Irvine,Jr
Tobi Lawal,Virginia Tech,Sr
Chandler Pigge,Harvard,Sr
Yuto Yamanouchi-Williams,Oral Roberts,Jr
CJ Jones,Kansas St.,Sr
Mike Walz,Richmond,Sr
Malik Messina-Moore,Xavier,Sr
Juanse Gorosito,San Diego,Sr
Maurice Odum,Arizona St.,Sr
"Jerome Brewer, Jr.",La Salle,Sr
Greedy Williams,UNC Wilmington,Sr
Samuel Murray,Mississippi Valley St.,Jr
Carl Daughtery Jr.,UC Davis,Sr
Larry Hughes II,Cal St. Northridge,Sr
"Darin Smith, Jr.",Central Connecticut,So
Trey Horton,UTEP,Jr
Takai Simpkins,Oregon,Sr
Kennard Davis Jr.,BYU,Jr
Curtis Williams Jr.,Tulane,Jr
Mike Evbagharu,Canisius,Jr
Sasa Ciani,Penn St.,Jr
Trent Middleton Jr.,North Carolina A&T,Jr
"Teddy Washington, Jr.",Chattanooga,Sr
Jacolb Fredson-Cole,McNeese St.,So
Misha Bednostin,Lafayette,Jr
Keyon Kensie Jr.,Portland St.,Jr
Hamed Olayinka,FIU,Sr
J.C. Riley Jr.,Northwestern St.,Sr
Hasan Abdul Hakim,Memphis,Sr
Darryl Simmons,St. Bonaventure,Jr
Ronald Jessamy,Cal St. Bakersfield,Jr
"Jamie Kaiser, Jr.",Butler,So
Ace Talbert,Gardner Webb,Jr
Carson Schwieger,Queens,So
Jadin Collins-Roberts,Marist,Jr
Gytis Nemeiksa,Hawaii,Sr
Solo Ball,Connecticut,Jr
"Dennis Parker, Jr.",Radford,Jr
Fatt Hill,George Mason,Sr
Nilavan Daniels,Providence,So
Ibrahim Olajuwon,FIU,Jr
Taj Glover,Sacramento St.,Fr
Karl Poom,Northern Arizona,So
Darius Robinson,SIU Edwardsville,Sr
"Ryan Jackson, Jr.",William & Mary,So
Sash Gavalyugov,Santa Clara,Fr
Bernie Blunt,Mercyhurst,Sr
"Juan Cranford, Jr.",Eastern Kentucky,So
Melo Baines,Norfolk St.,So
Deuce Jones II,Saint Joseph's,So
Zion Wilburn,Samford,So
Biggie Patterson,Hofstra,Sr
Makoi Mabor Makoi,UNC Wilmington,So
Dan Gherezgher,Northern Kentucky,Sr
Damarien Yates,Alabama St.,Jr
D'Shay Knights Wright,South Carolina St.,So
Todd Jones Jr.,Louisiana,So
Josiah Moore,Tulane,So
R.J. Kennedy,New Hampshire,Fr
Tajuan Simpkins,Seton Hall,So
George Natsvlishvili,North Dakota,Jr
Luca Schaller,Northeastern,So
Jaiden Glover-Toscano,Saint Joseph's,So
Matija Žužic,West Georgia,Sr
Calvin Robins Jr.,Howard,So
Abdulai Fanta Kabba,Western Carolina,So
Fedor Zugic,Creighton,Jr
Chris Davis Jr,Charleston,Fr
"Dwayne Wimbley, Jr.",Massachusetts,Fr
Rontavious Blackshear,Youngstown St.,Jr
Hantz Louis Jeune,South Alabama,Sr
Ed Holland III,Howard,Sr
Chris Cenac Jr,Houston,Fr
Eddie Placer,Wagner,Jr
Drew Fuquay,Marshall,Jr
Samuel Nosakhare,Quinnipiac,Fr
"Will James, Jr.",Toledo,Fr
"Mario Tatum, Jr.",VMI,Fr
"Jason Thirdkill, Jr.",Jacksonville,Sr
Matija Samar,Oregon St.,Fr
Bryan Akanmu,Wagner,Jr
Kiwane Garris Jr,Cal St. Fullerton,Fr
Cam McDowell,Tarleton St.,Sr
Cam Wilds,Robert Morris,Sr
"Donald Whitehead, Jr.",UNC Greensboro,Sr
Sherman Weatherspoon IV,Utah Valley,Jr
Jordan Muller,Cal Baptist,Fr
"Rob Lee, Jr.",Lamar,Jr
Eric Chatfield Jr,Georgia Tech,Fr
Matheo Coffi,UTSA,Fr
Tijan Saine Jr.,Weber St.,Jr
Chris Kumu,Canisius,Fr
Lateef Patrick Jr,Stephen F. Austin,Jr
Guillermo Del Pino,Maryland,Fr
Trey Williams Jr,Missouri St.,Fr
Aiden Goins,Bowling Green,Jr
Ayomi Odetoyinbo,Colgate,Fr
"Fawaz ""Tacko"" Ifaola",Colorado,Fr
Derrick Talton Jr,Buffalo,Sr
Rashund Washington Jr,Illinois Chicago,Fr
CJ Evans,UMKC,Jr
Trey Booker-Lowery,UMKC,Jr
Damon Howard Jr,Tennessee St.,Fr
Isaac Taveras,Southern Miss,Jr
"Ashley Sims, II",Bryant,Fr
"Owen Bronston, Jr.",South Carolina St.,Jr
